{
    "name": "root",
    "metadata": {
        "timer_format_version": "0.1.0",
        "start_time_seconds": "1679316566",
        "python_version": "3.8.15 (default, Nov 24 2022, 14:38:14) [MSC v.1916 64 bit (AMD64)]",
        "command_line_arguments": "C:\\Users\\fight\\anaconda3\\envs\\mlagents\\Scripts\\mlagents-learn ./Car_config/car_ppo01.yaml --env=./Car --resume --run-id=car01 --inference --width=1600 --height=1200",
        "mlagents_version": "0.30.0",
        "mlagents_envs_version": "0.30.0",
        "communication_protocol_version": "1.5.0",
        "pytorch_version": "1.7.1+cu110",
        "numpy_version": "1.23.5",
        "end_time_seconds": "1679316652"
    },
    "total": 86.0476786,
    "count": 1,
    "self": 4.241088099999999,
    "children": {
        "run_training.setup": {
            "total": 0.12692899999999985,
            "count": 1,
            "self": 0.12692899999999985
        },
        "TrainerController.start_learning": {
            "total": 81.6796615,
            "count": 1,
            "self": 0.1830856000000125,
            "children": {
                "TrainerController._reset_env": {
                    "total": 5.5653729,
                    "count": 1,
                    "self": 5.5653729
                },
                "TrainerController.advance": {
                    "total": 75.93118719999998,
                    "count": 11336,
                    "self": 0.0811712000006537,
                    "children": {
                        "env_step": {
                            "total": 75.85001599999933,
                            "count": 11336,
                            "self": 46.6696278999997,
                            "children": {
                                "SubprocessEnvManager._take_step": {
                                    "total": 29.04094779999984,
                                    "count": 11337,
                                    "self": 0.39952600000023253,
                                    "children": {
                                        "TorchPolicy.evaluate": {
                                            "total": 28.64142179999961,
                                            "count": 11319,
                                            "self": 28.64142179999961
                                        }
                                    }
                                },
                                "workers": {
                                    "total": 0.1394402999997819,
                                    "count": 11335,
                                    "self": 0.0,
                                    "children": {
                                        "worker_root": {
                                            "total": 71.90169930000079,
                                            "count": 11335,
                                            "is_parallel": true,
                                            "self": 37.9269016000009,
                                            "children": {
                                                "steps_from_proto": {
                                                    "total": 0.03864629999999991,
                                                    "count": 2,
                                                    "is_parallel": true,
                                                    "self": 0.00035650000000053694,
                                                    "children": {
                                                        "_process_maybe_compressed_observation": {
                                                            "total": 0.038092299999999746,
                                                            "count": 4,
                                                            "is_parallel": true,
                                                            "self": 7.890000000010389e-05,
                                                            "children": {
                                                                "_observation_to_np_array": {
                                                                    "total": 0.03801339999999964,
                                                                    "count": 2,
                                                                    "is_parallel": true,
                                                                    "self": 4.5899999999932106e-05,
                                                                    "children": {
                                                                        "process_pixels": {
                                                                            "total": 0.03796749999999971,
                                                                            "count": 2,
                                                                            "is_parallel": true,
                                                                            "self": 0.0003796999999998718,
                                                                            "children": {
                                                                                "image_decompress": {
                                                                                    "total": 0.03758779999999984,
                                                                                    "count": 2,
                                                                                    "is_parallel": true,
                                                                                    "self": 0.03758779999999984
                                                                                }
                                                                            }
                                                                        }
                                                                    }
                                                                }
                                                            }
                                                        },
                                                        "_process_rank_one_or_two_observation": {
                                                            "total": 0.00019749999999962853,
                                                            "count": 4,
                                                            "is_parallel": true,
                                                            "self": 0.00019749999999962853
                                                        }
                                                    }
                                                },
                                                "UnityEnvironment.step": {
                                                    "total": 33.93615139999988,
                                                    "count": 11335,
                                                    "is_parallel": true,
                                                    "self": 0.5814897000001267,
                                                    "children": {
                                                        "UnityEnvironment._generate_step_input": {
                                                            "total": 0.45968899999974155,
                                                            "count": 11335,
                                                            "is_parallel": true,
                                                            "self": 0.45968899999974155
                                                        },
                                                        "communicator.exchange": {
                                                            "total": 27.425011200000213,
                                                            "count": 11335,
                                                            "is_parallel": true,